"measurement.no","Phonation","h1h2.mean","h1h2.se","h1h2.pse","h1h2.mse","h1c.mean","h1c.se","h1c.pse","h1c.mse","h2h4.mean","h2h4.se","h2h4.pse","h2h4.mse","h42K.mean","h42K.se","h42K.pse","h42K.mse","h2Kh5K.mean","h2Kh5K.se","h2Kh5K.pse","h2Kh5K.mse","h1a1.mean","h1a1.se","h1a1.pse","h1a1.mse","h1a2.mean","h1a2.se","h1a2.pse","h1a2.mse","h1a3.mean","h1a3.se","h1a3.pse","h1a3.mse","cpp.mean","cpp.se","cpp.pse","cpp.mse","hnr05.mean","hnr05.se","hnr05.pse","hnr05.mse","hnr15.mean","hnr15.se","hnr15.pse","hnr15.mse","hnr25.mean","hnr25.se","hnr25.pse","hnr25.mse","hnr35.mean","hnr35.se","hnr35.pse","hnr35.mse","strF0.mean","strF0.se","strF0.pse","strF0.mse","sF1.mean","sF1.se","sF1.pse","sF1.mse","sF2.mean","sF2.se","sF2.pse","sF2.mse","sB1.mean","sB1.se","sB1.pse","sB1.mse","sB2.mean","sB2.se","sB2.pse","sB2.mse","energy.mean","energy.se","energy.pse","energy.mse","norm.soe.mean","norm.soe.se","norm.soe.pse","norm.soe.mse","H1c.resid.mean","H1c.resid.se","H1c.resid.pse","H1c.resid.mse","a1c.mean","a1c.se","a1c.pse","a1c.mse","a2c.mean","a2c.se","a2c.pse","a2c.mse"
1,"modal",4.12569792467333,0.133229082773211,4.38682692690882,3.86456892243784,1.86760568793236,0.172882144505424,2.20645469116299,1.52875668470173,2.85820138355112,0.165629304229242,3.18283481984043,2.5335679472618,7.70144504227517,0.194437686495471,8.0825429078063,7.32034717674405,19.7950238278247,0.231751815035828,20.249257385295,19.3407902703545,13.4051568024596,0.223587549935725,13.8433884003337,12.9669252045856,18.4537901614143,0.217764513742944,18.8806086083505,18.0269717144781,14.3212536510377,0.223701473511121,14.7597085391195,13.8827987629559,17.6346402767102,0.152804032587131,17.934136180581,17.3351443728394,26.6086933128363,0.270972196577979,27.1397988181291,26.0775878075434,37.9934127594158,0.332022903868873,38.6441776509988,37.3426478678328,40.8150853189854,0.342989026840912,41.4873438115936,40.1428268263772,41.2847302075327,0.332681920716307,41.9367867721366,40.6326736429287,159.357663335895,1.30138561584825,161.908379142958,156.806947528833,370.74026518063,3.20145579271997,377.015118534361,364.465411826899,1982.20894081476,12.3340350363004,2006.38364948591,1958.03423214361,107.068357417371,3.09922273744092,113.142833982755,100.993880851987,305.878288239816,6.04047255637213,317.717614450305,294.038962029326,-0.896257270630017,0.0150148147721001,-0.866828233676701,-0.925686307583333,0.712715862503558,0.00445441190511051,0.721446509837575,0.703985215169542,0.0207923390310998,0.0174443180807754,0.0549832024694195,-0.0133985244072199,-11.5375549577248,0.232690034632811,-11.0814824898445,-11.9936274256051,-16.5861767870869,0.213975997936917,-16.1667838311305,-17.0055697430432
1,"breathy",3.73895207667732,0.263852083318436,4.25610215998145,3.22180199337318,1.93103514376997,0.348408564678127,2.6139159305391,1.24815435700084,5.90182747603834,0.445170759261807,6.77436216419148,5.0292927878852,7.97097763578275,0.486864749191728,8.92523254419853,7.01672272736696,18.335,0.580269163652157,19.4723275607582,17.1976724392418,20.653661341853,0.585714795861289,21.8016623417412,19.5056603419649,23.2990638977636,0.46771455508824,24.2157844257365,22.3823433697906,17.4864760383387,0.51734775127477,18.5004776308372,16.4724744458401,17.9009073482428,0.170952873046671,18.2359749794143,17.5658397170713,25.8018306709265,0.411182610605821,26.6077485877139,24.9959127541391,33.3106357827476,0.418182979112012,34.1302744218071,32.4909971436881,36.8838274760383,0.415303913427688,37.6978231463566,36.0698318057201,39.2840830670927,0.38675432348224,40.0421215411178,38.5260445930675,154.347086261981,2.59843832937071,159.440025387547,149.254147136414,478.185792332268,9.2863358410585,496.387010580743,459.984574083794,1753.06496166134,19.2857676610071,1790.86506627692,1715.26485704577,172.933747603834,8.7241923463542,190.033164602688,155.83433060498,253.037373801917,11.4562200274288,275.491565055677,230.583182548157,-0.953217679573609,0.0304593785935612,-0.893517297530229,-1.01291806161699,0.708028974048746,0.007950758971463,0.723612461632813,0.692445486464678,0.153564036059164,0.0335457359908736,0.219313678601276,0.0878143935170518,-18.7226453674121,0.591364065280401,-17.5635717994626,-19.8817189353617,-21.3680415335463,0.468863242376075,-20.4490695784892,-22.2870134886034
1,"checked",3.02572222222222,0.311393414507932,3.63605331465777,2.41539112978667,-1.37462037037037,0.48892410920094,-0.416329116336529,-2.33291162440421,3.03779166666667,0.40799964126226,3.8374709635407,2.23811236979264,5.80879166666667,0.616762473276007,7.01764611428764,4.59993721904569,18.8075787037037,0.748723467888204,20.2750767007646,17.3400807066428,13.5426111111111,0.583686542628779,14.6866367346635,12.3985854875587,17.3564907407407,0.594543655477321,18.5217963054763,16.1911851760052,12.1518981481481,0.629343040797978,13.3854105081122,10.9183857881841,15.3894814814815,0.42347350911043,16.2194895593379,14.559473403625,20.7568333333333,0.706907714422281,22.142372453601,19.3712942130657,30.7744953703704,0.927251958981414,32.5919092099739,28.9570815307668,34.2213888888889,0.983330196589108,36.1487160742035,32.2940617035742,35.9254861111111,0.99525888273773,37.8761935212771,33.9747787009452,154.326768518519,3.53926015898288,161.263718430125,147.389818606912,384.177175925926,7.5381870084412,398.952022462471,369.402329389381,1894.40373148148,33.0430595515179,1959.16812820246,1829.63933476051,117.913574074074,8.36475619725976,134.308496220703,101.518651927445,248.393263888889,15.0221119766488,277.83660336312,218.949924414657,-1.06587299498911,0.0411242024819729,-0.98526955812444,-1.14647643185377,0.708220779097884,0.0108571160907191,0.729500726635693,0.686940831560074,-0.414679715840639,0.0684873070213572,-0.280444594078779,-0.548914837602499,-14.9172268518519,0.644440460346172,-13.6541235495734,-16.1803301541303,-18.7310833333333,0.539061703766155,-17.6745223939517,-19.787644272715
1,"laryngealized",3.03064074074074,0.277401433354632,3.57434755011582,2.48693393136566,-1.1343,0.38186834871778,-0.385838036513152,-1.88276196348685,3.38684074074074,0.379788406783917,4.13122601803722,2.64245546344426,7.4254962962963,0.455830771343668,8.31892460812989,6.53206798446271,19.0284,0.448736829691251,19.9079241861949,18.1488758138051,15.2097666666667,0.549971832559486,16.2877114584833,14.1318218748501,19.2844592592593,0.400249915887562,20.0689490943989,18.4999694241196,14.277137037037,0.426140643477319,15.1123726982526,13.4419013758215,17.4993962962963,0.206137214059443,17.9034252358528,17.0953673567398,23.8503481481481,0.500842155503202,24.8319987729344,22.8686975233619,33.6382962962963,0.634770697640635,34.8824468636719,32.3941457289206,37.7599,0.634868774856148,39.004242798718,36.515557201282,39.3092962962963,0.567860076859644,40.4223020469412,38.1962905456514,152.883288888889,3.19233586098191,159.140267176413,146.626310601364,419.290677777778,9.13879364702682,437.20271332595,401.378642229605,1992.37656666667,26.5274826546184,2044.37043266972,1940.38270066361,115.839514814815,8.34055442940614,132.187001496451,99.4920281331788,296.003066666667,15.0781178915531,325.556177734111,266.449955599223,-0.948726908506661,0.0325108631844816,-0.885005616665077,-1.01244820034825,0.689527702064309,0.0106040249423877,0.710311590951389,0.668743813177229,-0.544341021991501,0.0607159233421599,-0.425337812240868,-0.663344231742134,-16.3440407407407,0.642101694538362,-15.0855214194456,-17.6025600620359,-20.4187444444444,0.397765795857582,-19.6391234845636,-21.1983654043253
2,"modal",4.13921335379893,0.13551828530679,4.40482919300023,3.87359751459762,1.97854719877206,0.172431747190591,2.31651342326562,1.64058097427851,2.96037068303914,0.170017118503301,3.29360423530561,2.62713713077267,7.74761166538757,0.19757087294322,8.13485057635628,7.36037275441886,19.6241036070606,0.233303812250234,20.0813790790711,19.1668281350502,13.5499754412893,0.22915852497771,13.9991261502456,13.100824732333,18.5362693783576,0.222678473612104,18.9727191866374,18.0998195700779,14.4213023791251,0.225819023341617,14.8639076648747,13.9786970933755,17.585907904835,0.155602825266997,17.8908894423583,17.2809263673117,26.5206070606293,0.274542241449666,27.0587098538707,25.982504267388,37.8315878741366,0.337680467091384,38.4934415896357,37.1697341586375,40.6371880276286,0.349166106663443,41.3215535966889,39.9528224585682,41.1303039140445,0.339599209221066,41.7959183641178,40.4646894639712,158.527721412126,1.27836212031068,161.033311167935,156.022131656317,372.827317728319,3.22886864121512,379.155900265101,366.498735191538,1976.68388257866,12.5485475484275,2001.27903577358,1952.08872938375,108.175170376055,3.48172765472116,114.999356579309,101.350984172802,302.460773599386,6.66504762255957,315.524266939603,289.397280259169,-0.890367470660623,0.0147187671818398,-0.861518686984217,-0.919216254337029,0.825406319426151,0.00286525370568844,0.8310222166893,0.819790422163002,0.0394863258501102,0.0180399256676574,0.0748445801587187,0.00412807154150172,-11.5714267075978,0.233301470343466,-11.1141558257247,-12.028697589471,-16.5577175748273,0.215838555752561,-16.1346740055523,-16.9807611441023
2,"breathy",3.41795207667732,0.273529782857127,3.95407045107728,2.88183370227735,2.59504153354633,0.359369704490247,3.29940615434721,1.89067691274544,6.4579233226837,0.454654445648536,7.34904603615484,5.56680060921257,7.8701214057508,0.494111879904386,8.8385806903634,6.9016621211382,18.229517571885,0.567606428895903,19.342026172521,17.117008971249,20.1839488817891,0.56413361029931,21.2896507579758,19.0782470056025,23.3592076677316,0.455860779665531,24.2526947958761,22.4657205395872,17.6747763578275,0.534869414678796,18.7231204105979,16.626432305057,18.0299265175719,0.169193024820911,18.3615448462209,17.6983081889229,25.9470798722045,0.434129553177428,26.7979737964322,25.0961859479767,33.6639392971246,0.453901043110799,34.5535853416218,32.7742932526274,37.1198434504792,0.440224800904095,37.9826840602513,36.2570028407072,39.439159744409,0.399143258349434,40.2214805307738,38.6568389580441,149.992303514377,2.45456648576487,154.803253826476,145.181353202278,491.537354632588,9.90110870708178,510.943527698468,472.131181566708,1728.08730351438,19.2300928544017,1765.778285509,1690.39632151975,177.860188498403,9.97920236442459,197.419425132675,158.30095186413,232.697805111821,10.5645828800574,253.404387556734,211.991222666909,-0.857976924901286,0.0292750534224648,-0.800597820193255,-0.915356029609317,0.80902793479388,0.00512365149790836,0.81907029172978,0.798985577857979,0.147094876613332,0.0375773943705136,0.220746569579539,0.0734431836471256,-17.5888817891374,0.568977013237975,-16.4736868431909,-18.7040767350838,-20.7641661341853,0.441642307461402,-19.898547211561,-21.6297850568097
2,"checked",3.02482110091743,0.319343355842432,3.6507340783686,2.39890812346626,-0.476261467889908,0.49950525055331,0.502768823194578,-1.4552917589744,3.21423394495413,0.423928422974871,4.04513365398488,2.38333423592338,6.1395504587156,0.642964787169524,7.39976144156786,4.87933947586333,18.9370504587156,0.750998911334569,20.4090083249314,17.4650925924998,13.6843165137615,0.609137438930005,14.8782258940643,12.4904071334587,17.5719266055046,0.593896868523064,18.7359644678098,16.4078887431994,12.2222155963303,0.660219029993671,13.5162448951179,10.9281862975427,15.546747706422,0.417050304898231,16.3641663040226,14.7293291088215,21.0367981651376,0.732587938751412,22.4726705250904,19.6009258051848,31.4513990825688,0.945869139513854,33.305302596016,29.5974955691217,34.7582889908257,0.985611287734753,36.6900871147858,32.8264908668656,36.3854862385321,0.989672020352786,38.3252433984236,34.4457290786406,154.977009174312,3.40456919577606,161.649964798033,148.304053550591,384.299036697248,7.15284120878466,398.318605466466,370.27946792803,1859.47244495413,33.8850662815731,1925.88717486601,1793.05771504225,109.661623853211,8.18986338440994,125.713756086654,93.6094916197675,252.125577981651,17.371376565367,286.173476049771,218.077679913532,-1.00140242149389,0.0398565746606107,-0.923283535159094,-1.07952130782869,0.807534706046397,0.00818604364486449,0.823579351590332,0.791490060502463,-0.316102180247923,0.0674582689851221,-0.183883973037084,-0.448320387458763,-14.160619266055,0.608484802384575,-12.9679890533813,-15.3532494787288,-18.0481972477064,0.529984379439195,-17.0094278640056,-19.0869666314072
2,"laryngealized",3.2391978021978,0.304314262300822,3.83565375630741,2.64274184808819,-0.093047619047619,0.406062757595122,0.702835385838821,-0.888930623934059,3.08817948717949,0.410650099613014,3.893053682421,2.28330529193798,7.98698901098901,0.434404317839453,8.83842147395434,7.13555654802368,18.5301794871795,0.45382121411891,19.4196690668526,17.6406899075064,14.8236776556777,0.546708052775163,15.895225439117,13.7521298722383,19.1858351648352,0.41095023177626,19.9912976191166,18.3803727105537,14.5208827838828,0.427876122769471,15.3595199845109,13.6822455832546,17.6540695970696,0.21200387010736,18.06959718248,17.2385420116592,24.4488168498169,0.520021052584347,25.4680581128822,23.4295755867515,34.3600989010989,0.634887984200642,35.6044793501322,33.1157184520656,38.0118901098901,0.628791017595909,39.2443205043781,36.7794597154021,39.3271428571429,0.560274876980139,40.4252816160239,38.2290040982618,149.367637362637,2.98547454470783,155.219167470265,143.51610725501,429.731717948718,9.48152457896895,448.315506123497,411.147929773939,1986.62884981685,26.9225367049274,2039.39702175851,1933.86067787519,130.439794871795,11.5870556998758,153.150424043551,107.729165700038,287.949501831502,13.8255655332927,315.047610276756,260.851393386248,-0.923116292581211,0.032646751797212,-0.859128659058676,-0.987103926103747,0.77294776784012,0.00852998188337241,0.78966653233153,0.75622900334871,-0.32743256019686,0.0535994755290928,-0.222377588159839,-0.432487532233882,-14.9167106227106,0.644270135410411,-13.6539411573062,-16.179480088115,-19.2788168498168,0.422889839655777,-18.4499527640915,-20.1076809355422
3,"modal",4.24153723404255,0.143346457013979,4.52249628978995,3.96057817829515,2.18613069908815,0.169885194428346,2.5191056801677,1.85315571800859,2.89254179331307,0.172067968222182,3.22979501102855,2.55528857559759,7.91072112462006,0.199558096077524,8.30185499293201,7.51958725630811,19.2721679331307,0.240118648225868,19.7428004836534,18.801535382608,13.6982697568389,0.235040407150883,14.1589489548546,13.2375905588232,18.5862727963526,0.231576650413255,19.0401630311626,18.1323825615426,14.3888981762918,0.233329978671112,14.8462249344872,13.9315714180964,17.9146458966565,0.159014144075988,18.2263136190455,17.6029781742676,26.8667530395137,0.278704251074153,27.413013371619,26.3204927074083,38.2105387537994,0.34044166382093,38.8778044148884,37.5432730927104,40.9372933130699,0.350847161699929,41.6249537500018,40.249632876138,41.412853343465,0.339936285329388,42.0791284627106,40.7465782242194,157.046588145897,1.24494155319887,159.486673590166,154.606502701627,377.573778115502,3.43026881140887,384.297104985863,370.85045124514,1986.80408510638,12.7434284023478,2011.78120477498,1961.82696543778,110.528960486322,3.66619776454515,117.714708104831,103.343212867814,306.965176291793,6.90496134304067,320.498900524153,293.431452059434,-0.874990898216582,0.0146933897513951,-0.846191854303848,-0.903789942129317,0.831923058662227,0.00268888740739759,0.837193277980726,0.826652839343727,0.0610183540028901,0.0182232751041832,0.0967359732070891,0.025300734798691,-11.5121390577508,0.233031266049824,-11.0553977762931,-11.9688803392084,-16.4001382978723,0.215924682142485,-15.9769259208731,-16.8233506748716
3,"breathy",3.19811974110032,0.298167209795726,3.78252747229995,2.6137120099007,2.76491909385113,0.345684065549231,3.44245986232763,2.08737832537464,6.25665372168285,0.46769580450133,7.17333749850546,5.33996994486024,7.81873462783172,0.485510858328876,8.77033591015631,6.86713334550712,18.5047281553398,0.571736754528926,19.6253321942165,17.3841241164631,19.5612556634304,0.5349191225475,20.6096971436235,18.5128141832373,23.0616731391586,0.447387258391419,23.9385521656058,22.1847941127114,17.3877961165049,0.546601732526259,18.4591355122563,16.3164567207534,18.2282362459547,0.173134288703519,18.5675794518136,17.8888930400958,26.3427087378641,0.478503065449122,27.2805747461444,25.4048427295838,33.7881521035599,0.494767869948686,34.7578971286593,32.8184070784605,37.16328802589,0.480450606566766,38.1049712147608,36.2216048370191,39.4315533980583,0.437028867343008,40.2881299780505,38.574976818066,146.599954692557,2.39715741603495,151.298383227985,141.901526157128,500.963786407767,10.9333240892554,522.393101622708,479.534471192827,1721.55513592233,20.0078062962011,1760.77043626288,1682.33983558178,183.652708737864,10.1594452151204,203.5652213595,163.740196116228,249.766045307443,11.7593554024282,272.814381896203,226.717708718684,-0.864102903753109,0.0299212000015684,-0.805457351750035,-0.922748455756183,0.808471218761412,0.00507475669633682,0.818417741886232,0.798524695636592,0.194374145249623,0.0369503594706564,0.26679684981211,0.121951440687137,-16.7963300970874,0.552847810025503,-15.7127483894374,-17.8799118047374,-20.296715210356,0.437500854895725,-19.4392135347604,-21.1542168859516
3,"checked",3.12454587155963,0.337893497173768,3.78681712602022,2.46227461709905,-0.292275229357797,0.504165479782415,0.695889111015736,-1.28043956973133,3.29928899082569,0.436300161816358,4.15443730798575,2.44414067366563,5.75796788990826,0.675544118076775,7.08203436133874,4.43390141847778,19.062495412844,0.773087313751463,20.5777465477969,17.5472442778912,13.2046513761468,0.581835169013598,14.3450483074134,12.0642544448801,17.615252293578,0.593697217781763,18.7788988404302,16.4516057467257,12.0419357798165,0.670104847529137,13.3553412809736,10.7285302786594,15.7094862385321,0.432735168783801,16.5576471693484,14.8613253077159,21.3945550458716,0.765600232121063,22.8951315008288,19.8939785909143,31.8908073394495,0.986255791398703,33.823868690591,29.9577459883081,34.9954862385321,1.01872189190086,36.9921811466578,32.9987913304064,36.535628440367,1.02064622109699,38.5360950337171,34.5351618470169,150.59521559633,3.39358998294852,157.246651962909,143.943779229751,393.695903669725,7.66881086545463,408.726772966016,378.665034373434,1850.98553211009,35.2733003032652,1920.12120070449,1781.84986351569,109.909270642202,8.03442193074499,125.656737626462,94.1618036579417,256.364862385321,16.254169400865,288.223034411017,224.506690359626,-1.01656933150454,0.0411965418192777,-0.935824109538753,-1.09731455347032,0.801720966330724,0.0074739761149156,0.816369959515958,0.787071973145489,-0.251552485818528,0.0640466906934441,-0.126020972059378,-0.377083999577679,-13.4969678899083,0.580627326854,-12.3589383292744,-14.6349974505421,-17.9075688073394,0.525631064059911,-16.877331921782,-18.9378056928969
3,"laryngealized",2.95115770609319,0.320337925344839,3.57902003976907,2.32329537241731,-0.427340501792115,0.416100829047037,0.388217123140077,-1.24289812672431,2.80181720430107,0.405459759769975,3.59651833345023,2.00711607515192,8.19899283154122,0.429456079987429,9.04072674831658,7.35725891476586,18.0983010752688,0.456516337415987,18.9930730966042,17.2035290539335,13.7985698924731,0.497189453039328,14.7730612204302,12.824078564516,18.6625483870968,0.413759898326305,19.4735177878163,17.8515789863772,13.7345197132616,0.417776935209345,14.553362506272,12.9156769202513,17.7460681003584,0.213639548247658,18.1648016149238,17.327334585793,24.4745770609319,0.506026721128675,25.4663894343441,23.4827646875197,34.3199032258065,0.631190908032962,35.5570374055511,33.0827690460618,37.9476989247312,0.618060212624388,39.159096941475,36.7363009079874,39.2026164874552,0.545629212811919,40.2720497445666,38.1331832303438,146.060989247312,2.9399713960618,151.823333183593,140.298645311031,448.211132616487,10.4252501092758,468.644622830668,427.777642402307,1968.19886738351,27.9494865125346,2022.97986094808,1913.41787381894,123.918777777778,9.57169214100371,142.679294374145,105.15826118141,299.652315412186,15.0031414324652,329.058472619818,270.246158204555,-0.955377788820481,0.0325080486299003,-0.891662013505877,-1.01909356413509,0.763999437879448,0.00859026071613364,0.78083634888307,0.747162526875826,-0.341780976150216,0.0542529616761946,-0.235445171264874,-0.448116781035557,-14.2258853046595,0.593876319709718,-13.0618877180285,-15.3898828912905,-19.089917562724,0.415741948348883,-18.2750633439602,-19.9047717814878
4,"modal",4.24824791508719,0.143206341519773,4.52893234446594,3.96756348570843,2.20705686125853,0.168867481672257,2.53803712533615,1.87607659718091,2.77585898407885,0.1741273449437,3.1171485801685,2.43456938798919,7.86996891584534,0.203237258993469,8.26831394347254,7.47162388821814,19.3330371493556,0.241463933908212,19.8063064598157,18.8597678388955,13.5755481425322,0.234639007167495,14.0354405965805,13.1156556884839,18.3228059135709,0.231293888401368,18.7761419348376,17.8694698923042,14.240520090978,0.235668764243048,14.7024308688944,13.7786093130616,18.108520090978,0.162277537705317,18.4265840648804,17.7904561170756,27.1064169825625,0.284701970865209,27.6644328454584,26.5484011196667,38.416119787718,0.345116519736429,39.0925481664014,37.7396914090346,41.1318142532221,0.353996375607766,41.8256471494134,40.4379813570309,41.5675526914329,0.341457342654916,42.2368090830365,40.8982962998293,155.798925701289,1.22563050802863,158.201161497025,153.396689905553,375.776902198635,3.44628072390478,382.531612417489,369.022191979782,1997.28122668688,12.9195541297565,2022.60355278121,1971.95890059256,109.982880212282,3.64833664539631,117.133620037259,102.832140387305,306.228272175891,6.8922726337599,319.73712653806,292.719417813721,-0.871333099679161,0.0149579578376226,-0.84201550231742,-0.900650697040901,0.833227413504709,0.00257789501749808,0.838280087739005,0.828174739270412,0.0585398351254522,0.0181375613008299,0.0940894552750788,0.0229902149758256,-11.368486732373,0.233531959071571,-10.9107640925927,-11.8262093721533,-16.1157543593632,0.21498993127336,-15.6943740940674,-16.5371346246589
4,"breathy",3.39733009708738,0.301725321672319,3.98871172756512,2.80594846660963,2.81254368932039,0.327179161953385,3.45381484674902,2.17127253189175,5.60777022653722,0.481119097564123,6.5507636577629,4.66477679531154,8.0536925566343,0.523318210977876,9.07939625015094,7.02798886311767,18.707284789644,0.598410479304518,19.8801693290809,17.5344002502072,19.6705598705502,0.567149091808828,20.7821720904955,18.5589476506049,23.1129644012945,0.469389335097031,24.0329674980847,22.1929613045043,17.2222330097087,0.53482210348621,18.2704843325417,16.1739816868758,18.3456343042071,0.186528214612013,18.7112296048467,17.9800390035676,26.5901650485437,0.471807448708225,27.5149076480118,25.6654224490756,33.7480323624595,0.47774343460102,34.6844094942775,32.8116552306415,37.1737605177994,0.470405693724581,38.0957556774995,36.2517653580992,39.401071197411,0.432128894961405,40.2480438315354,38.5540985632867,143.069210355987,2.40280626565531,147.778710636671,138.359710075303,502.783614886731,11.5041201947562,525.331690468454,480.235539305009,1729.35244012945,21.4636578042269,1771.42120942573,1687.28367083317,189.728171521036,10.5257847284547,210.358709588807,169.097633453264,260.017242718447,12.8854521422279,285.272728917213,234.76175651968,-0.90868873556651,0.0308807216862132,-0.848162521061532,-0.969214950071488,0.800579032215244,0.00505040600709881,0.810477827989157,0.79068023644133,0.27237768987722,0.0310852694211423,0.333304817942659,0.211450561811781,-16.8580323624595,0.57831152726023,-15.7245417690295,-17.9915229558896,-20.3004789644013,0.471362171294514,-19.376609108664,-21.2243488201385
4,"checked",3.16251643192488,0.347009978111635,3.84265598902369,2.48237687482608,-0.209215962441314,0.517083450477205,0.804267600494009,-1.22269952537664,3.37619248826291,0.467487867122098,4.29246870782222,2.4599162687036,5.74140375586854,0.707721651236775,7.12853819229262,4.35426931944447,18.9658779342723,0.790546345552793,20.5153487715558,17.4164070969888,13.3816197183099,0.584241398365687,14.5267328591066,12.2365065775131,17.6159342723005,0.623833496073918,18.8386479246053,16.3932206199956,12.2363286384977,0.673769871625638,13.5569175868839,10.9157396901114,15.7772582159624,0.448451161702801,16.6562224928999,14.898293939025,21.8525962441315,0.80127581322089,23.4230968380444,20.2820956502185,32.0960187793427,1.02017974597644,34.0955710814565,30.0964664772289,35.1345492957746,1.05403836607272,37.2004644932772,33.0686340982721,36.5849953051643,1.05115033797205,38.6452499675895,34.5247406427391,146.205018779343,3.34656235759177,152.764281000223,139.645756558463,403.694948356808,8.7052246688767,420.757188707806,386.632708005809,1854.76222065728,35.7912912461238,1924.91315149968,1784.61128981487,111.809558685446,7.40114246174531,126.315797910467,97.3033194604252,271.081136150235,16.9470588756121,304.297371546434,237.864900754035,-1.03757272545821,0.0434305150193562,-0.952448916020273,-1.12269653489615,0.78778342087886,0.00759738750687613,0.802674300392337,0.772892541365383,-0.1838852907036,0.0633476604165499,-0.0597238762871626,-0.308046705120038,-13.5908732394366,0.603580556593604,-12.4078553485132,-14.7738911303601,-17.8251596244131,0.54990843302736,-16.7473390956795,-18.9029801531468
4,"laryngealized",2.63676277372263,0.319090149419139,3.26217946658414,2.01134608086111,-1.06953284671533,0.427785226264564,-0.231073803236784,-1.90799189019387,2.9393503649635,0.425233849987599,3.7728087109392,2.10589201898781,7.68561678832117,0.466388310142505,8.59973787620048,6.77149570044186,18.5057153284672,0.46307779101458,19.4133477988557,17.5980828580786,13.8074416058394,0.510861867323157,14.8087308657928,12.806152345886,18.4419525547445,0.420496141200314,19.2661249914971,17.6177801179919,13.3831240875912,0.450639820059892,14.2663781349086,12.4998700402739,17.6637226277372,0.220467929104042,18.0958397687811,17.2316054866933,24.1916605839416,0.536875796740328,25.2439371455526,23.1393840223306,33.7565547445256,0.674534994996849,35.0786433347194,32.4344661543317,37.6277700729927,0.657315401400011,38.9161082597367,36.3394318862487,38.9936715328467,0.579613867248292,40.1297147126534,37.8576283530401,142.535291970803,2.97469139829514,148.365687111461,136.704896830144,455.994562043796,11.2236610934167,477.992937786892,433.996186300699,1947.51798175182,29.1867805710492,2004.72407167108,1890.31189183257,130.947945255474,9.8153186659711,150.185969840778,111.709920670171,306.96697080292,14.6961941109238,335.77151126033,278.162430345509,-1.00422787391557,0.0332312304919745,-0.939094662151296,-1.06936108567984,0.752339527578434,0.00855287122722054,0.769103155183786,0.735575899973082,-0.409639524779497,0.0584872359396399,-0.295004542337803,-0.524274507221192,-14.8769781021898,0.62927593096545,-13.6435972774975,-16.1103589268821,-19.5115437956204,0.431212276811219,-18.6663677330704,-20.3567198581704
5,"modal",4.18900679758308,0.143979460567741,4.47120654029585,3.90680705487031,2.11541616314199,0.169101694364945,2.44685548409729,1.7839768421867,2.78442220543807,0.18004971684082,3.13731965044607,2.43152476043006,7.87933761329305,0.210280760433754,8.29148790374321,7.46718732284289,19.3006261329305,0.243773989031021,19.7784231514313,18.8228291144297,13.5662598187311,0.237768064911256,14.0322852259572,13.1002344115051,18.2317938066465,0.233392534169735,18.6892431736192,17.7743444396738,14.2386329305136,0.236215368519817,14.7016150528124,13.7756508082148,18.0740634441088,0.162480403980891,18.3925250359113,17.7556018523062,27.2595974320242,0.287145324968218,27.8224022689619,26.6967925950865,38.4920438066465,0.346272474174143,39.1707378560278,37.8133497572652,41.2116200906344,0.355181815593205,41.9077764491971,40.5154637320718,41.5808172205438,0.342456913340247,42.2520327706907,40.9096016703969,154.242310422961,1.22455891012587,156.642445886807,151.842174959114,374.942520392749,3.58545304731616,381.970008365489,367.91503242001,2004.26057099698,12.886609061012,2029.51832475656,1979.0028172374,110.72988141994,3.54559272486854,117.679243160682,103.780519679197,307.046955438066,6.75758035173052,320.291812927458,293.802097948675,-0.883932291558771,0.0154567012483911,-0.853637157111925,-0.914227426005618,0.828537274089734,0.00266980845498532,0.833770098661505,0.823304449517962,0.0533226684697385,0.0182134503663736,0.0890210311878307,0.0176243057516463,-11.45083081571,0.240328409872868,-10.9797871323591,-11.9218744990608,-16.1163738670695,0.221416623048311,-15.6823972858948,-16.5503504482442
5,"breathy",3.6197064516129,0.302552539281791,4.21270942860521,3.02670347462059,2.37081935483871,0.339923973308833,3.03707034252402,1.7045683671534,5.24153548387097,0.487273964987765,6.19659245524699,4.28647851249495,7.68735483870968,0.525627397703838,8.7175845382092,6.65712513921015,19.1113129032258,0.602189932738709,20.2916051713937,17.9310206350579,19.742964516129,0.582747451579919,20.8851495212257,18.6007795110324,22.6809935483871,0.476460643775748,23.6148564101876,21.7471306865866,16.8027741935484,0.535792949086276,17.8529283737575,15.7526200133393,18.3191870967742,0.207635697787251,18.7261530644372,17.9122211291112,26.1370387096774,0.462125151036082,27.0428040057081,25.2312734136467,33.2597064516129,0.471362244956272,34.1835764517272,32.3358364514986,36.789164516129,0.473288198841734,37.7168093858588,35.8615196463992,39.1111903225806,0.440797814403272,39.9751540388111,38.2472266063502,141.133780645161,2.39493247423918,145.82784829467,136.439712995653,498.84834516129,11.4728930931469,521.335215623858,476.361474698722,1739.23480967742,21.6965236428574,1781.75999601742,1696.70962333742,193.60185483871,9.47473953617973,212.172344329622,175.031365347797,267.787796774194,13.4187496716332,294.088546130595,241.487047417793,-0.970222363080738,0.0321180733676492,-0.907270939280145,-1.03317378688133,0.790537590034797,0.00565113622913804,0.801613817043907,0.779461363025686,0.280781757721685,0.0327854763685887,0.345041291404119,0.216522224039251,-17.3721806451613,0.59104780830443,-16.2137269408846,-18.530634349438,-20.3101580645161,0.484560854600103,-19.3604187894999,-21.2598973395323
5,"checked",3.04186057692308,0.369215162458252,3.76552229534125,2.3181988585049,-0.457322115384616,0.530320485368309,0.58210603593727,-1.4967502667065,2.90704326923077,0.4907290842301,3.86887227432177,1.94521426413977,6.03904807692308,0.694708103834706,7.4006759604391,4.67742019340705,19.2234711538462,0.802246511638622,20.7958743166579,17.6510679910345,13.4950336538462,0.612871560351932,14.6962619121359,12.2938053955564,17.5691682692308,0.640956099985531,18.8254422252024,16.3128943132591,12.2845913461538,0.685968671046697,13.6290899414054,10.9400927509023,15.7466923076923,0.462065631853107,16.6523409461244,14.8410436692602,21.8465961538462,0.804315006680876,23.4230535669407,20.2701387407516,31.8410432692308,1.03306451569364,33.8658497199903,29.8162368184712,35.0020913461538,1.07124418512905,37.1017299490068,32.9024527433009,36.4862548076923,1.06883996664211,38.5811811423108,34.3913284730738,143.293240384615,3.24930716809025,149.661882434072,136.924598335158,407.610206730769,9.10386453492803,425.453781219228,389.76663224231,1854.2583125,36.6480206725226,1926.08843301814,1782.42819198186,113.768951923077,6.97816625968895,127.446157792067,100.091746054087,270.203350961538,16.9100707012361,303.347089535961,237.059612387116,-1.06136624296325,0.043767192021331,-0.975582546601443,-1.14714993932506,0.763506732382835,0.00869042427127255,0.780539963954529,0.74647350081114,-0.198666236748766,0.0664866159675978,-0.0683524694522742,-0.328980004045258,-13.9523557692308,0.641661407188501,-12.6946994111413,-15.2100121273202,-18.0265336538462,0.545076937841083,-16.9581828556776,-19.0948844520147
5,"laryngealized",2.85054181818182,0.323645516763566,3.48488703103841,2.21619660532523,-1.42178545454545,0.427802092184609,-0.58329335386362,-2.26027755522729,2.78020727272727,0.420621067318163,3.60462456467087,1.95578998078367,7.49004,0.512777736957295,8.4950843644363,6.4849956355637,18.9451381818182,0.474636968200542,19.8754266394912,18.0148497241451,14.3700763636364,0.535535773864087,15.41972648041,13.3204262468628,18.7576654545455,0.438353147323069,19.6168376232987,17.8984932857922,13.5341963636364,0.480833481177271,14.4766299867438,12.5917627405289,17.5774472727273,0.222497917319434,18.0135431906734,17.1413513547812,24.0825090909091,0.560755683590038,25.1815902307456,22.9834279510726,33.6319418181818,0.687202454172102,34.9788586283591,32.2850250080045,37.7206836363636,0.669665202701352,39.0332274336583,36.408139839069,39.1624945454545,0.592438108513121,40.3236732381403,38.0013158527688,139.93188,2.91176311100549,145.638935697571,134.224824302429,461.223672727273,11.4917656681518,483.74753343685,438.699812017695,1927.81810909091,29.8367969914152,1986.29823119408,1869.33798698774,135.896214545455,9.70279416108987,154.913691101191,116.878737989718,304.805556363636,14.36363366037,332.958278337962,276.652834389311,-1.04571296850844,0.0324986765216969,-0.982015562525916,-1.10941037449097,0.748949592017429,0.00809990464913661,0.764825405129736,0.733073778905121,-0.417884982558713,0.0581989616557384,-0.303815017713465,-0.53195494740396,-15.7918690909091,0.643953094910198,-14.5297210248851,-17.0540171569331,-20.1794654545455,0.4309772053275,-19.3347501321036,-21.0241807769874
6,"modal",4.06415984848485,0.145097518844292,4.34855098541966,3.77976871155004,1.94028257575757,0.173230452617893,2.27981426288864,1.6007508886265,2.8005446969697,0.180619459945118,3.15455883846213,2.44653055547727,7.78924090909091,0.211534926156752,8.20384936435814,7.37463245382367,19.4657522727273,0.245137845506945,19.9462224499209,18.9852820955337,13.3859689393939,0.235626706855179,13.8477972848301,12.9241405939578,18.1351106060606,0.232621883089324,18.5910494969157,17.6791717152055,14.1891303030303,0.236406101919325,14.6524862627922,13.7257743432684,17.8310257575758,0.161407319662066,18.1473841041134,17.5146674110381,26.9459431818182,0.287045844662811,27.5085530373573,26.3833333262791,38.1956477272727,0.347407649936568,38.8765667211484,37.5147287333971,40.9438401515152,0.357291145061068,41.6441307958348,40.2435495071955,41.306546969697,0.345231731748529,41.9832011639241,40.6298927754698,152.834746212121,1.21025736365206,155.206850644879,150.462641779363,371.595938636364,3.61711951147713,378.685492878859,364.506384393868,2003.76506439394,12.9365533821613,2029.12070902298,1978.4094197649,109.806398484848,3.25804924793119,116.192175010794,103.420621958903,303.997427272727,6.32376740560547,316.392011387714,291.60284315774,-0.907258272372362,0.0160804120448374,-0.875740664764481,-0.938775879980244,0.827318078299873,0.00261575884874028,0.832444965643404,0.822191190956342,0.0527222670150967,0.0182419104238314,0.0884764114458063,0.0169681225843871,-11.4456878787879,0.24309127816702,-10.9692289735805,-11.9221467839952,-16.1948106060606,0.225356243194592,-15.7531123693992,-16.636508842722
6,"breathy",3.72989508196721,0.312354086843376,4.34210909218023,3.1176810717542,1.98162295081967,0.369992498490395,2.70680824786085,1.2564376537785,5.22343606557377,0.515285686391658,6.23339601090142,4.21347612024612,7.68833770491803,0.536059820717006,8.73901495352336,6.6376604563127,19.1553672131148,0.609984248644498,20.350936340458,17.9597980857715,20.1683442622951,0.601411049555029,21.3471099194229,18.9895786051672,22.5446393442623,0.505652842783562,23.5357189161181,21.5535597724065,16.818462295082,0.552555206032985,17.9014704989066,15.7354540912573,18.1866852459016,0.210915762532433,18.6000801404652,17.7732903513381,25.8800524590164,0.459692907880062,26.7810505584613,24.9790543595715,33.1037508196721,0.467110443476593,34.0192872888863,32.188214350458,36.7417180327869,0.46603654053681,37.655149652239,35.8282864133347,39.1660459016393,0.435840289600214,40.0202928692558,38.3117989340229,138.809898360656,2.35163735738615,143.419107581133,134.200689140179,491.48928852459,11.5563641776484,514.139762312781,468.838814736399,1747.08542622951,22.1835124369608,1790.56511060595,1703.60574185306,193.864304918033,8.89152417745946,211.291692305853,176.436917530212,269.079954098361,13.2705063153262,295.0901464764,243.069761720321,-1.03260416719096,0.0335215214683738,-0.966901985112951,-1.09830634926898,0.790989852733653,0.00554540748555816,0.801858851405347,0.780120854061959,0.29294504007711,0.034743895455122,0.361043075169149,0.224847004985071,-18.1867049180328,0.615009480691132,-16.9812863358782,-19.3921235001874,-20.562993442623,0.506786007819901,-19.5696928672959,-21.55629401795
6,"checked",2.94539705882353,0.374004090438579,3.67844507608314,2.21234904156392,-0.926960784313726,0.52726090153235,0.10647058268968,-1.96039215131713,2.83525490196078,0.496995314003108,3.80936571740688,1.86114408651469,5.80798039215686,0.705746619392106,7.19124376616539,4.42471701814834,19.6008529411765,0.819794791360473,21.207650732243,17.9940551501099,13.4273235294118,0.606920905415591,14.6168885040263,12.2377585547972,17.5892647058824,0.632241326237977,18.8284577053088,16.3500717064559,12.253568627451,0.678280334423079,13.5829980829202,10.9241391719817,15.6052892156863,0.460168231375444,16.5072189491821,14.7033594821904,21.4857058823529,0.789380801423475,23.032892253143,19.9385195115629,31.2781470588235,1.00430504577941,33.2465849485512,29.3097091690959,34.7106960784314,1.05101205198112,36.7706797003144,32.6507124565484,36.3337745098039,1.05595859272126,38.4034533515376,34.2640956680703,142.563303921569,3.39307245116735,149.213725925857,135.912881917281,412.564137254902,9.71334442618812,431.602292330231,393.525982179573,1849.10386764706,37.8082909612731,1923.20811793115,1774.99961736296,110.879509803922,6.70696406155519,124.02515936457,97.7338602432734,274.880539215686,18.1768863361947,310.507236434628,239.253841996745,-1.105713266285,0.0448745982041659,-1.01775905380483,-1.19366747876516,0.745795953818045,0.0085126723999575,0.762480791721962,0.729111115914129,-0.224041476144582,0.0654097090560166,-0.0958384463947893,-0.352244505894375,-14.3543431372549,0.666743973011887,-13.0475249501516,-15.6611613243582,-18.5162696078431,0.551591602639029,-17.4351500666706,-19.5973891490156
6,"laryngealized",2.88914285714286,0.328246360903364,3.53250572451345,2.24577998977226,-1.70395970695971,0.433510762324829,-0.854278612803043,-2.55364080111637,3.21271794871795,0.419594956168447,4.0351240628081,2.39031183462779,7.28383516483516,0.530470619960446,8.32355757995764,6.24411274971269,18.9793772893773,0.509822392087225,19.9786291778682,17.9801254008863,14.9948717948718,0.57811491567185,16.1279770295886,13.861766560155,18.9615164835165,0.464242265194743,19.8714313232982,18.0516016437348,13.8728095238095,0.485123592079264,14.8236517642849,12.9219672833342,17.6320915750916,0.221158977295519,18.0655631705908,17.1986199795924,23.8912600732601,0.548643390121006,24.9666011178972,22.8159190286229,33.4519633699634,0.674859383308253,34.7746877612475,32.1292389786792,37.6816007326007,0.666579008803034,38.9880955898547,36.3751058753468,39.2595787545788,0.593479667505344,40.4227989028892,38.0963586062683,138.967564102564,2.83459591829718,144.523372102427,133.411756102702,465.378179487179,11.7166879062246,488.34288778338,442.413471190979,1928.75368864469,30.3331756948512,1988.2067130066,1869.30066428278,141.883054945055,9.45116638636799,160.407341062336,123.358768827774,299.702805860806,14.7118357917779,328.53800401269,270.867607708921,-1.08456330081238,0.0321164046484007,-1.02161514770151,-1.14751145392324,0.741583803238194,0.0085223440093354,0.758287597496492,0.724880008979897,-0.429450604526763,0.0615828074370679,-0.30874830195011,-0.550152907103416,-16.6988571428571,0.676011890567147,-15.3738738373455,-18.0238404483688,-20.6654139194139,0.444379077379514,-19.7944309277501,-21.5363969110778
7,"modal",4.02835437262357,0.144054902391052,4.31070198131004,3.74600676393711,1.7965247148289,0.176985957702055,2.14341719192492,1.44963223773287,2.87475741444867,0.178006018622328,3.22364921094843,2.52586561794891,7.66326615969582,0.212355171342795,8.0794822955277,7.24705002386394,19.7471589353612,0.248081880054797,20.2333994202686,19.2609184504538,13.3203186311787,0.241768107894439,13.7941841226518,12.8464531397056,18.2553969581749,0.233519108513138,18.7130944108607,17.7976995054892,14.3330106463878,0.239766646464587,14.8029532734584,13.8630680193172,17.4726486692015,0.158218997958496,17.7827579052002,17.1625394332029,26.4443885931559,0.287137772778873,27.0071786278025,25.8815985585093,37.7438220532319,0.34583602409124,38.4216606604508,37.0659834460131,40.572574904943,0.356040494145381,41.2704142734679,39.874735536418,41.0138927756654,0.344944308880459,41.6899836210711,40.3378019302597,151.66490418251,1.19772174195866,154.012438796748,149.317369568271,366.272667680608,3.66696010276628,373.45990948203,359.085425879187,2005.84058174905,12.9010805605729,2031.12669964777,1980.55446385033,111.772298859316,3.49199937543472,118.616617635168,104.927980083464,311.853764258555,6.494568832664,324.583119170576,299.124409346534,-0.938648118060542,0.0166269337920908,-0.906059327828044,-0.97123690829304,0.825613037601706,0.00257679986306072,0.830663565333305,0.820562509870107,0.067640040123957,0.0183982349084464,0.103700580544512,0.031579499703402,-11.5237863117871,0.250020724682183,-11.03374569141,-12.0138269321642,-16.4588745247148,0.228261317778159,-16.0114823418696,-16.90626670756
7,"breathy",3.65863545150502,0.321920081824315,4.28959881188068,3.02767209112936,1.37323076923077,0.389753569318762,2.13714776509554,0.609313773365995,5.61990301003345,0.526027823766464,6.65091754461571,4.58888847545118,7.19536789297659,0.562180420950531,8.29724151803963,6.09349426791355,19.3334548494983,0.637965531087983,20.5838672904308,18.0830424085659,20.2192274247492,0.637860577934781,21.4694341575013,18.969020691997,22.5035518394649,0.531270805675466,23.5448426185888,21.462261060341,16.763618729097,0.57606020228223,17.8926967255702,15.6345407326238,17.742906354515,0.206776262038117,18.1481878281098,17.3376248809203,25.372491638796,0.460053333396152,26.2741961722524,24.4707871053395,32.9395384615385,0.457954831003729,33.8371299303058,32.0419469927712,36.6927959866221,0.455673600001632,37.5859162426253,35.7996757306189,39.1354080267559,0.427512748885056,39.9733330145706,38.2974830389411,137.165284280936,2.30786747756658,141.688704536967,132.641864024906,484.721588628763,12.3012248773628,508.831989388394,460.611187869131,1752.10133779264,22.846628884072,1796.88073040542,1707.32194517986,196.70083277592,8.77622930937472,213.902242222294,179.499423329545,267.378046822742,12.2943121627642,291.47489866176,243.281194983725,-1.10638342100738,0.035501957073598,-1.03679958514313,-1.17596725687164,0.779477914027858,0.00611817702620255,0.791469540999215,0.767486287056501,0.274816596186194,0.0383235491694408,0.349930752558298,0.19970243981409,-18.8460033444816,0.649282419720052,-17.5734098018303,-20.1185968871329,-21.1302976588629,0.532587827156684,-20.0864255176358,-22.17416980009
7,"checked",2.87543564356436,0.357290882795663,3.57572577384386,2.17514551328486,-1.62320297029703,0.52334433535867,-0.597448072994037,-2.64895786760002,2.61014851485149,0.446167303083037,3.48463642889424,1.73566060080873,6.12537128712871,0.682486994050627,7.46304579546794,4.78769677878948,19.4363267326733,0.805722033998101,21.0155419193095,17.857111546037,13.4216683168317,0.616210731408989,14.6294413503933,12.2138952832701,17.5566534653465,0.649208463345123,18.829102053503,16.2842048771901,12.2748415841584,0.675499439348573,13.5988204852816,10.9508626830352,15.5192673267327,0.441113691626721,16.383850162321,14.6546844911443,20.7340891089109,0.757078526043519,22.2179630199562,19.2502151978656,30.751396039604,0.957558379938536,32.6282104642835,28.8745816149244,34.4914108910891,1.00719313671802,36.4655094390564,32.5173123431218,36.2921930693069,1.01688835328414,38.2852942417438,34.29909189687,140.446663366337,3.39678278395065,147.10435762288,133.788969109793,414.589940594059,10.0782875066711,434.343384107135,394.836497080984,1856.73720792079,36.7444492003523,1928.75632835348,1784.7180874881,111.844816831683,6.94798165914119,125.4628608836,98.2267727797664,282.292435643564,17.9100914464584,317.396214878623,247.188656408506,-1.17208811779254,0.0460201357816456,-1.08188865166052,-1.26228758392457,0.72740989881035,0.0088245161525059,0.744705950469262,0.710113847151439,-0.293769959667869,0.0658801336461766,-0.164644897721362,-0.422895021614375,-15.0448168316832,0.687980718298754,-13.6963746238176,-16.3932590395487,-19.1798415841584,0.564541830228895,-18.0733395969098,-20.2863435714071
7,"laryngealized",2.89579853479853,0.316890063934035,3.51690306010924,2.27469400948783,-1.65547985347985,0.410240754004546,-0.851407975630943,-2.45955173132876,3.67350549450549,0.424629367114544,4.50577905405,2.84123193496099,7.13242490842491,0.531121371270379,8.17342279611485,6.09142702073497,19.1799523809524,0.527745921647858,20.2143343873822,18.1455703745226,15.4514542124542,0.592947064964307,16.6136304597843,14.2892779651242,19.1784835164835,0.457496742584624,20.0751771319494,18.2817899010177,14.3357032967033,0.482020891371842,15.2804642437921,13.3909423496145,17.467,0.216941801611806,17.8922059311591,17.0417940688409,23.3551648351648,0.538150999632333,24.4099407944442,22.3003888758855,33.0213223443223,0.655166997118074,34.3054496586738,31.7371950299709,37.3984212454212,0.65207707232294,38.6764923071742,36.1203501836683,39.1557142857143,0.584886776720091,40.3020923680857,38.0093362033429,138.584490842491,2.79216709742712,144.057138353448,133.111843331534,465.396058608059,12.2121614366485,489.33189502389,441.460222192228,1921.99741025641,30.4141430282581,1981.6091305918,1862.38568992102,154.183827838828,10.4434143072485,174.652919881035,133.714735796621,300.516490842491,14.4071028903206,328.754412507519,272.278569177462,-1.11129104695876,0.0321290877410284,-1.04831803498634,-1.17426405893118,0.753652353545979,0.00798419755496548,0.769301380753711,0.738003326338247,-0.378906585916239,0.0564427196093315,-0.268278855481949,-0.489534316350529,-17.1069304029304,0.682303692306269,-15.7696151660101,-18.4442456398507,-20.8339304029304,0.434288179708906,-19.9827255707009,-21.6851352351599
8,"modal",4.0631113671275,0.145791495563358,4.34886269843168,3.77736003582331,1.57826420890937,0.181430926280853,1.93386882441984,1.2226595933989,2.83262058371736,0.176255272966332,3.17808091873137,2.48716024870335,7.61827496159754,0.208457426776554,8.02685151807959,7.2096984051155,19.9945376344086,0.249169466680431,20.4829097891022,19.506165479715,13.2279930875576,0.244397261793273,13.7070117206724,12.7489744544428,18.400643625192,0.235528833905801,18.8622801396474,17.9390071107366,14.4951221198157,0.24222829282962,14.9698895737617,14.0203546658696,17.0271866359447,0.15430728500439,17.3296289145533,16.7247443573361,25.6287050691244,0.285009752623724,26.1873241842669,25.0700859539819,36.9918671274962,0.345055027944956,37.6681749822683,36.315559272724,39.9212711213518,0.355877776349158,40.6187915629961,39.2237506797074,40.5203602150538,0.34618777927173,41.1988882624264,39.8418321676812,150.431424731183,1.18905602770668,152.761974545488,148.100874916878,362.384920890937,3.72394934395233,369.683861605084,355.08598017679,2001.89379569892,12.8902450855558,2027.15867606661,1976.62891533124,115.858757296467,3.64442696706005,123.001834151905,108.715680441029,325.805866359447,7.06407130678238,339.65144612074,311.960286598154,-0.978595595309235,0.0171879274197965,-0.944907257566434,-1.01228393305204,0.82212508699916,0.00274068471868282,0.827496829047778,0.816753344950541,0.0833180130099462,0.0188045506162099,0.120174932217718,0.0464610938021748,-11.6497242703533,0.255250789776666,-11.149432722391,-12.1500158183156,-16.8223847926267,0.231774462910321,-16.3681068453225,-17.276662739931
8,"breathy",3.7063355704698,0.323803935210437,4.34099128348226,3.07167985745734,1.04743288590604,0.397257292125806,1.82605717847262,0.268808593339461,5.93128859060403,0.514194291276691,6.93910940150634,4.92346777970171,7.00453020134228,0.572793850764891,8.12720614884147,5.8818542538431,19.3020503355705,0.665373518470416,20.6061824317725,17.9979182393685,20.5703724832215,0.703017542593308,21.9482868667044,19.1924580997386,22.8125134228188,0.561906616627573,23.9138503914088,21.7111764542287,16.7387852348993,0.605713423277376,17.925983544523,15.5515869252757,17.2143456375839,0.195979849961278,17.598466143508,16.8302251316598,24.7730067114094,0.439205954349805,25.633850381935,23.9121630408838,32.8023657718121,0.437483878641039,33.6598341739485,31.9448973696756,36.5981677852349,0.421019670705854,37.4233663398184,35.7729692306514,39.130110738255,0.394471675738116,39.9032752227017,38.3569462538083,137.09194295302,2.3065997868131,141.612878535174,132.571007370866,479.045426174497,12.7654898057024,504.065786193673,454.02506615532,1763.19683221476,22.950462606612,1808.17973892372,1718.21392550581,218.355926174497,12.0040193699732,241.883804139644,194.828048209349,274.918288590604,12.5982234048066,299.610806464025,250.225770717183,-1.17226391837205,0.0357531510878368,-1.10218774223989,-1.24234009450421,0.778940355409241,0.0060439095718056,0.79078641816998,0.767094292648502,0.310962992599994,0.0427478914998326,0.394748859939666,0.227177125260323,-19.5229060402685,0.697307511772847,-18.1561833171937,-20.8896287633432,-21.7650167785235,0.549357066349383,-20.6882769284787,-22.8417566285683
8,"checked",2.90333333333333,0.349882124523903,3.58910229740018,2.21756436926648,-2.66130348258706,0.53432423189319,-1.61402798807641,-3.70857897709772,2.45878606965174,0.424426628793341,3.29066226208669,1.62690987721679,6.19653233830846,0.667896579193592,7.5056096335279,4.88745504308902,19.4908756218905,0.79050426789453,21.0402639869638,17.9414872568173,13.2566169154229,0.593522168218449,14.419920365131,12.0933134657147,17.4243731343284,0.617674466279693,18.6350150882366,16.2137311804202,12.0561194029851,0.663716807063424,13.3570043448294,10.7552344611408,15.1254378109453,0.415610583121751,15.9400345538639,14.3108410680266,19.563592039801,0.703705646968818,20.9428551078599,18.1843289717421,29.9067661691542,0.904637468988962,31.6798556083726,28.1336767299359,33.97892039801,0.964578740943815,35.8694947302598,32.0883460657601,36.0712786069652,0.983957162291038,37.9998346450556,34.1427225688747,141.38555721393,3.52623966509106,148.296986957509,134.474127470352,410.915084577114,10.2643918687743,431.033292639912,390.796876514317,1838.95578606965,37.0860920757712,1911.64452653816,1766.26704560114,112.878990049751,7.13658996689745,126.86670638487,98.8912737146322,282.594562189055,17.2148829482667,316.335732767658,248.853391610452,-1.26840241963406,0.0472228491894915,-1.17584563522265,-1.36095920404546,0.711270132381483,0.00965237034064743,0.730188778249152,0.692351486513814,-0.369246235324543,0.0657841943367513,-0.240309214424511,-0.498183256224576,-15.91792039801,0.705970227810906,-14.5342187515006,-17.3016220445193,-20.0856815920398,0.566305281830746,-18.9757232396515,-21.1956399444281
8,"laryngealized",3.49160791366906,0.31601494473108,4.11099720534198,2.87221862199615,-1.4413273381295,0.396789842051256,-0.663619247709034,-2.21903542854996,3.91728417266187,0.436545481256292,4.7729133159242,3.06165502939954,7.30740287769784,0.509094057575527,8.30522723054587,6.30957852484981,18.8994064748201,0.515949632432151,19.9106677543872,17.8881451952531,16.5757014388489,0.611756089213808,17.774743373708,15.3766595039899,20.1473417266187,0.477165282866048,21.0825856810362,19.2120977722013,15.0560863309353,0.484479504446162,16.0056661596497,14.1065065022208,17.1791798561151,0.216452150490662,17.6034260710768,16.7549336411534,23.0057230215827,0.525483450337261,24.0356705842438,21.9757754589217,32.5967050359712,0.643557599552425,33.858077931094,31.3353321408485,37.0203489208633,0.642915312822607,38.2804629339956,35.760234907731,38.9551294964029,0.57993806519274,40.0918081041806,37.8184508886251,137.647838129496,2.83082925261429,143.19626346462,132.099412794372,465.033794964029,12.006092213554,488.565735702595,441.501854225463,1928.38550719424,28.9858250044528,1985.19772420297,1871.57329018552,165.044133093525,10.7436658002878,186.101718062089,143.986548124961,315.83467266187,14.9723074457279,345.180395255497,286.488950068244,-1.15099983572262,0.0319257698515471,-1.08842532681359,-1.21357434463165,0.764295667274632,0.00697741235720453,0.777971395494753,0.750619939054511,-0.280123399411604,0.0548011115525054,-0.172713220768694,-0.387533578054515,-18.0170431654676,0.690817632742119,-16.6630406052931,-19.3710457256422,-21.5886654676259,0.441687441216925,-20.7229580828407,-22.4543728524111
9,"modal",4.08028185328185,0.146649320219166,4.36771452091142,3.79284918565229,1.35415366795367,0.18658325291572,1.71985684366848,0.988450492238857,2.85807953667954,0.179660540732982,3.21021419651618,2.50594487684289,7.60123397683398,0.209651575215076,8.01215106425552,7.19031688941243,20.1331428571429,0.25042014396486,20.623966339314,19.6423193749717,13.2971575289575,0.249570712854517,13.7863161261524,12.8079989317627,18.6806386100386,0.237245832190746,19.1456404411325,18.2156367789447,14.5469953667954,0.242109886072124,15.0215307434967,14.072459990094,16.641250965251,0.149847309022677,16.9349516909354,16.3475502395665,24.8042764478764,0.277178057736563,25.3475454410401,24.2610074547128,36.3328579150579,0.339330150199589,36.9979450094491,35.6677708206667,39.3935644787645,0.351456339437106,40.0824189040612,38.7047100534677,40.1513019305019,0.34368231418399,40.8249192663026,39.4776845947013,149.707623166023,1.17713578545786,152.014809305521,147.400437026526,360.356532046332,3.81035468949912,367.82482723775,352.888236854914,1991.18336911197,12.7001013251379,2016.07556770924,1966.2911705147,128.130419305019,4.03875518966282,136.046379476758,120.21445913328,351.646769111969,7.11873238595902,365.599484588449,337.694053635489,-1.01537065457298,0.0175316960153542,-0.981008530382888,-1.04973277876308,0.81191991617868,0.00297226501437422,0.817745555606854,0.806094276750507,0.0979747475596092,0.0191041825237358,0.135418945306131,0.060530549813087,-11.943,0.260362298267738,-11.4326898953952,-12.4533101046048,-17.3264841698842,0.23422004354676,-16.8674128845325,-17.7855554552358
9,"breathy",4.00947297297297,0.338163604123405,4.67227363705485,3.3466723088911,0.696013513513513,0.410901265679246,1.50137999424484,-0.10935296721781,5.85834459459459,0.519646952798321,6.8768526220793,4.83983656710988,7.27491891891892,0.559023527998887,8.37060503379674,6.1792328040411,19.1518547297297,0.660106012137533,20.4456625135193,17.8580469459402,20.8206959459459,0.74745703836018,22.2857117411319,19.35568015076,23.1941756756757,0.586279973490792,24.3432844237176,22.0450669276337,16.7822939189189,0.641156522034216,18.038960702106,15.5256271357319,16.9181891891892,0.189486395813559,17.2895825249838,16.5467958533946,24.2152162162162,0.42590316354793,25.0499864167702,23.3804460156623,32.6307736486486,0.427939753646698,33.4695355657962,31.7920117315011,36.5464662162162,0.409758431757661,37.3495927424612,35.7433396899712,39.1779189189189,0.38847191833342,39.9393238788524,38.4165139589854,135.613179054054,2.33895632458437,140.197533450239,131.028824657869,469.117138513514,12.9153457989977,494.431216279549,443.803060747478,1786.40293918919,23.0036807401046,1831.49015343979,1741.31572493858,225.903391891892,12.3232503090521,250.056962497634,201.74982128615,281.704753378378,12.0668239019541,305.355728226208,258.053778530548,-1.23271521341501,0.0368419140447549,-1.16050506188729,-1.30492536494273,0.765697119591205,0.00610766406223574,0.777668141153187,0.753726098029223,0.33605932557291,0.0462245136190519,0.426659372266251,0.245459278879568,-20.1246891891892,0.733634627484682,-18.6867653193192,-21.5626130590592,-22.4981756756757,0.562383017620007,-21.3959049611405,-23.6004463902109
9,"checked",3.1308078817734,0.386970368472673,3.88926980397984,2.37234595956696,-3.69452216748768,0.558178853731069,-2.60049161417479,-4.78855272080058,2.73229556650246,0.452758740724563,3.61970269832261,1.84488843468232,6.01445812807882,0.679976064171756,7.34721121385546,4.68170504230218,19.3239556650246,0.790852298325787,20.8740261697432,17.7738851603061,13.2564482758621,0.625634532349563,14.4826919592672,12.0302045924569,17.9318522167488,0.616324270049448,19.1398477860457,16.7238566474518,12.5307586206897,0.679415684159183,13.8624133616417,11.1991038797377,14.9363103448276,0.386555220610067,15.6939585772233,14.1786621124319,19.1829261083744,0.662803133776957,20.4820202505772,17.8838319661715,29.7949704433498,0.859155182127823,31.4789146003203,28.1110262863792,34.1122660098522,0.916613941647528,35.9088293354814,32.3157026842231,36.3969064039409,0.939106217638432,38.2375545905122,34.5562582173696,142.094310344828,3.58224249939555,149.115505643643,135.073115046012,410.40975862069,10.3251870978944,430.647125332563,390.172391908817,1843.94683251232,36.9508730725116,1916.37054373444,1771.52312129019,128.938300492611,8.46991353761073,145.539331026328,112.337269958894,306.282472906404,17.2208540142601,340.035346774354,272.529599038454,-1.34692433436402,0.0487698377458493,-1.25133545238215,-1.44251321634588,0.684179791681829,0.010185282310794,0.704142945010986,0.664216638352673,-0.458673457218474,0.0675996636672016,-0.326178116430759,-0.591168798006189,-16.9510197044335,0.741973900341522,-15.4967508597641,-18.4052885491029,-21.6264285714286,0.598122935594221,-20.4541076176639,-22.7987495251932
9,"laryngealized",3.93141007194245,0.322101615097922,4.56272923753437,3.30009090635052,-1.27371582733813,0.398452209319161,-0.492749497072573,-2.05468215760369,3.7836726618705,0.436754475001177,4.63971143287281,2.9276338908682,7.3858309352518,0.519764399560252,8.40456915838989,6.3670927121137,19.1865179856115,0.521607579727,20.2088688418764,18.1641671293466,17.0162697841727,0.62051761508011,18.2324843097297,15.8000552586156,21.018654676259,0.463175787083194,21.9264792189421,20.1108301335759,15.2508273381295,0.498615327881059,16.2281133807764,14.2735412954826,16.9141438848921,0.212829734193214,17.3312901639108,16.4969976058734,22.9353705035971,0.51319910567314,23.9412407507165,21.9295002564778,32.7521870503597,0.627127186040042,33.9813563349982,31.5230177657212,37.2141223021583,0.629931292040252,38.4487876345572,35.9794569697594,39.2269784172662,0.571915483265978,40.3479327644675,38.1060240700649,137.55404676259,2.80256494750254,143.047074059695,132.061019465485,456.692989208633,12.052162696978,480.31522809471,433.070750322556,1910.36012589928,28.2835982262408,1965.79597842271,1854.92427337585,169.122723021583,10.3991180104337,189.504994322033,148.740451721133,351.30432733813,17.2210962089199,385.057675907613,317.550978768646,-1.19696604222325,0.0325834103107828,-1.13310255801412,-1.26082952643238,0.765118541938053,0.00746860349818715,0.7797570047945,0.750480079081606,-0.171581649449178,0.0520765686884137,-0.0695115748198875,-0.273651724078469,-18.2899928057554,0.686790728981526,-16.9438829769516,-19.6361026345592,-22.2924028776978,0.436450836833275,-21.4369592375046,-23.1478465178911
10,"modal",4.08441435185185,0.146791775012155,4.37212623087567,3.79670247282803,1.29775077160494,0.189131036681551,1.66844760350078,0.927053939709099,2.94903086419753,0.179047388632633,3.29996374591749,2.59809798247757,7.5295887345679,0.213025005402217,7.94711774515625,7.11205972397956,20.1473888888889,0.254419869316916,20.64605183275,19.6487259450277,13.3740887345679,0.257203791537627,13.8782081659817,12.8699693031542,18.8712160493827,0.239299376436081,19.3402428271974,18.402189271568,14.5435216049383,0.246289585677561,15.0262491928663,14.0607940170103,16.5760408950617,0.149297499827239,16.8686639947231,16.2834177954003,24.6467608024691,0.273701542355481,25.1832158254859,24.1103057794524,36.2269567901235,0.337360449941661,36.8881832720091,35.5657303082378,39.3320108024691,0.349777377226547,40.0175744618332,38.6464471431051,40.1174714506173,0.342595426495142,40.7889584865478,39.4459844146868,148.808413580247,1.20153320963725,151.163418671136,146.453408489358,361.140099537037,3.79825272983275,368.584674887509,353.695524186565,1998.05227160494,12.4774809978179,2022.50813436066,1973.59640884922,137.717881944444,4.37695921052901,146.296721997081,129.139041891808,380.891550154321,7.37838207927371,395.353179029697,366.429921278945,-1.02520223437838,0.0176887450120958,-0.990532294154669,-1.05987217460208,0.640406524337541,0.00550230170974706,0.651191035688645,0.629622012986437,0.100028555967381,0.019312340654918,0.13788074365102,0.0621763682837417,-12.0763225308642,0.265136644890491,-11.5566547068788,-12.5959903548496,-17.5734691358025,0.235438161772791,-17.1120103387278,-18.0349279328771
10,"breathy",4.02721,0.349253047247878,4.71174597260584,3.34267402739416,0.151873333333333,0.426605168852028,0.988019464283308,-0.684272797616641,5.99830333333333,0.507461568203914,6.992928007013,5.00367865965366,7.24246,0.564228183780796,8.34834724021036,6.13657275978964,18.9234033333333,0.668435122190212,20.2335361728261,17.6132704938405,21.01985,0.754584390412854,22.4988354052092,19.5408645947908,23.23424,0.600446362680454,24.4111148708537,22.0573651291463,16.81208,0.664008260734903,18.1135361910404,15.5106238089596,16.8602333333333,0.186859293776773,17.2264775491358,16.4939891175309,24.3491633333333,0.418672219086151,25.1697608827422,23.5285657839245,32.8639633333333,0.420375623540779,33.6878995554733,32.0400271111934,36.7278533333333,0.405265869372057,37.5221744373026,35.9335322293641,39.3472033333333,0.38611620908553,40.103991103141,38.5904155635257,134.353313333333,2.34604748204994,138.951566398151,129.755060268515,465.478663333333,12.2689412846417,489.525788251231,441.431538415436,1812.22288333333,22.7336874581883,1856.78091075138,1767.66485591528,245.01864,11.863648222148,268.27139051541,221.76588948459,319.767726666667,12.0524320175958,343.390493421155,296.144959912179,-1.27474309364486,0.0383884255350876,-1.19950177959609,-1.34998440769363,0.624379070623679,0.00916890466059656,0.642350123758448,0.60640801748891,0.290841309606742,0.0471041180261812,0.383165380938057,0.198517238275427,-20.8680066666667,0.75186734013933,-19.3943466799936,-22.3416666533398,-23.08238,0.579516858920832,-21.9465269565152,-24.2182330434848
10,"checked",2.98301515151515,0.382618277287974,3.73294697499958,2.23308332803072,-3.69171212121212,0.557603502835277,-2.59880925565498,-4.78461498676926,2.81470707070707,0.445214834961283,3.68732814723118,1.94208599418296,6.10019696969697,0.689065026250375,7.4507644211477,4.74962951824623,18.8673888888889,0.824588344156501,20.4835820434356,17.2511957343421,13.3248232323232,0.664970732117948,14.6281658672744,12.0214805973721,17.6903232323232,0.642293334754774,18.9492181684426,16.4314282962039,12.4651111111111,0.684881311092993,13.8074784808534,11.1227437413688,14.7588585858586,0.399595672566825,15.5420661040896,13.9756510676276,18.8571414141414,0.685638984342144,20.200993823452,17.5132890048308,29.4796313131313,0.89103491026055,31.226059737242,27.7332028890206,33.7684191919192,0.951974925502772,35.6342900459046,31.9025483379338,36.0037525252525,0.975980365513287,37.9166740416586,34.0908310088465,142.129782828283,3.67505198850006,149.332884725743,134.926680930823,414.784095959596,10.7326502366026,435.820090423337,393.748101495855,1867.66215656566,37.278416856242,1940.72785360389,1794.59645952742,143.569070707071,11.6107323949213,166.326106201116,120.812035213025,301.890070707071,14.9305358800466,331.153921031962,272.626220382179,-1.35425481254828,0.0498090749939463,-1.25662902556015,-1.45188059953642,0.49842881241538,0.0148034661533555,0.527443606075957,0.469414018754803,-0.462090746786817,0.0720558549482753,-0.320861271088198,-0.603320222485437,-17.0165555555556,0.805760766595704,-15.437264453028,-18.5958466580831,-21.3820505050505,0.64487990933137,-20.118085882761,-22.64601512734
10,"laryngealized",4.00828,0.340093696396059,4.67486364493628,3.34169635506373,-1.38254181818182,0.416073537351267,-0.567037684973336,-2.1980459513903,3.90589090909091,0.450255258322813,4.78839121540362,3.0233906027782,7.39177454545455,0.515426380597479,8.4020102514256,6.38153883948349,19.1209490909091,0.529804973686697,20.159366839335,18.0825313424832,17.3631890909091,0.635841877216649,18.6094391702537,16.1169390115645,21.2140618181818,0.485038602859015,22.1647374797855,20.2633861565782,15.2692618181818,0.513538299905465,16.2757968859965,14.2627267503671,16.7428290909091,0.215782853535963,17.1657634838396,16.3198946979786,22.8517527272727,0.506099313690166,23.8437073821055,21.85979807244,32.6573963636364,0.623901908516488,33.8802441043287,31.434548622944,37.1247309090909,0.627763773064539,38.3551479042974,35.8943139138844,39.1644981818182,0.572166747760523,40.2859450074288,38.0430513562076,136.463196363636,2.71517194606298,141.78493337792,131.141459349353,458.42128,12.2466577604601,482.424729210502,434.417830789498,1913.69548,26.9796352753573,1966.5755651397,1860.8153948603,189.926043636364,11.4929463906295,212.452218561997,167.39986871073,388.038970909091,17.4721924186929,422.284468049729,353.793473768453,-1.22437040808208,0.0332512581510069,-1.15919794210611,-1.28954287405805,0.639032018676648,0.0113099026741008,0.661199427917886,0.616864609435411,-0.158631041110509,0.0546925665581704,-0.0514336106564945,-0.265828471564523,-18.7456909090909,0.69458119089579,-17.3843117749352,-20.1070700432467,-22.5966218181818,0.451578120066155,-21.7115287028522,-23.4817149335115
